City_ID,City,Lat,Lng,Max Temp,Humidity,Cloudiness,Wind Speed,Country,Date
0,vorgashor,67.5833,63.95,1.71,98,100,3.95,RU,1697491448
1,yellowknife,62.456,-114.3525,6.9,99,100,5.14,CA,1697491952
2,port-aux-francais,-49.35,70.2167,2.99,88,87,12.57,TF,1697491952
3,wailua homesteads,22.0669,-159.378,28.44,71,20,5.14,US,1697491953
4,hermanus,-34.4187,19.2345,15.77,90,22,5.06,ZA,1697491953
5,queenstown,-31.8976,26.8753,10.67,91,97,2.5,ZA,1697491404
6,albany,42.6001,-73.9662,15.36,63,93,2.3,US,1697491842
7,adamstown,-25.066,-130.1015,21.91,82,51,4.11,PN,1697491955
8,constantia,44.1833,28.65,6.5,56,12,3.61,RO,1697491423
9,tual,-5.6667,132.75,26.6,82,32,4.45,ID,1697491955
10,veraval,20.9,70.3667,25.89,77,5,5.35,IN,1697491956
11,ushuaia,-54.8,-68.3,8.81,51,75,6.17,AR,1697491884
12,st. john's,47.5649,-52.7093,9.43,97,100,11.18,CA,1697491808
13,mugia,43.1041,-9.2179,21.06,73,96,12.66,ES,1697491576
14,avarua,-21.2078,-159.775,23.03,64,75,4.63,CK,1697491420
15,puerto ayora,-0.7393,-90.3518,28.98,90,87,3.58,EC,1697491875
16,fale old settlement,-9.3852,-171.2468,28.56,77,87,9.92,TK,1697491595
17,poronaysk,49.2167,143.1167,5.72,90,94,5.2,RU,1697491958
18,papatowai,-46.5619,169.4708,9.23,53,74,4.5,NZ,1697491954
19,tandil,-37.3217,-59.1332,19.91,68,75,10.29,AR,1697491959
20,bethel,41.3712,-73.414,16.4,65,75,3.6,US,1697491202
21,bilibino,68.0546,166.4372,-10.58,99,99,1.0,RU,1697491955
22,grytviken,-54.2811,-36.5092,-0.61,84,13,4.27,GS,1697491957
23,nar'yan-mar,67.6713,53.087,3.95,93,100,5.81,RU,1697491595
24,douglas,41.3,-96.167,18.75,47,0,3.09,US,1697491961
25,waitangi,-43.9535,-176.5597,15.46,81,58,4.92,NZ,1697491961
26,galliano,29.4422,-90.2992,22.22,33,0,5.66,US,1697491962
27,alofi,-19.0595,-169.9187,24.94,65,75,9.77,NU,1697491436
28,qaqortoq,60.7167,-46.0333,1.71,97,100,1.57,GL,1697491408
29,college,64.8569,-147.8028,8.28,71,75,3.09,US,1697491963
30,talnakh,69.4865,88.3972,-1.3,97,100,2.46,RU,1697491403
31,hithadhoo,-0.6,73.0833,27.28,73,19,7.39,MV,1697491964
32,margaret river,-33.95,115.0667,16.04,65,71,3.75,AU,1697491965
33,ribeira grande,38.5167,-28.7,19.32,82,20,2.68,PT,1697491964
34,jamestown,42.097,-79.2353,10.77,95,100,2.57,US,1697491224
35,sihanoukville,10.6093,103.5296,24.97,100,75,0.51,KH,1697491966
36,tiksi,71.6872,128.8694,-13.7,94,93,3.36,RU,1697491954
37,bredasdorp,-34.5322,20.0403,15.29,87,19,4.12,ZA,1697491958
38,iskateley,67.6803,53.1512,3.9,93,100,5.81,RU,1697491431
39,ust-nera,64.5667,143.2,-22.35,98,61,1.41,RU,1697491416
40,pisco,-13.7,-76.2167,20.03,77,20,3.6,PE,1697491968
41,khanpur,28.6453,70.6567,22.73,58,53,7.4,PK,1697491968
42,colonia,50.9333,6.95,8.81,88,0,2.06,DE,1697491310
43,bodo,67.28,14.405,5.02,93,75,2.57,NO,1697491614
44,enewetak,11.3474,162.3373,28.9,76,12,7.34,MH,1697491969
45,merizo village,13.2658,144.6691,27.31,91,100,3.17,GU,1697491600
46,port mathurin,-19.6833,63.4167,23.89,86,1,4.0,MU,1697491406
47,clarksdale,34.2001,-90.5709,19.99,32,0,5.66,US,1697491970
48,masumbwe,-3.6333,32.1833,22.08,69,93,2.05,TZ,1697491971
49,whitehorse,60.7161,-135.0538,1.43,100,100,0.0,CA,1697491435
50,simanggang,1.2472,111.4528,23.99,100,100,0.0,MY,1697491621
51,utrik,11.2278,169.8474,28.28,76,32,7.6,MH,1697491277
52,coquimbo,-29.9533,-71.3436,16.85,67,0,6.17,CL,1697491349
53,alice springs,-23.7,133.8833,12.75,47,0,2.06,AU,1697491889
54,hadibu,12.65,54.0333,27.11,78,22,2.33,YE,1697491973
55,banda aceh,5.5577,95.3222,25.52,87,100,7.17,ID,1697491974
56,ilulissat,69.2167,-51.1,-6.99,79,100,9.26,GL,1697491963
57,el granada,37.5027,-122.4694,26.62,58,0,7.2,US,1697491974
58,fort bragg,35.139,-79.006,16.75,53,100,2.57,US,1697491975
59,takoradi,4.8845,-1.7554,24.47,89,98,4.23,GH,1697491975
60,rio grande,-32.035,-52.0986,22.06,96,100,2.41,BR,1697491976
61,quellon,-43.1167,-73.6167,10.45,66,4,5.48,CL,1697491573
62,rampur,28.8167,79.0333,19.41,85,100,4.22,IN,1697491593
63,isafjordur,66.0755,-23.124,0.21,83,100,2.32,IS,1697491441
64,mermoz boabab,14.7065,-17.4758,28.88,84,20,1.03,SN,1697491610
65,mukalla,14.5425,49.1242,25.98,79,1,1.63,YE,1697491977
66,moyale,3.5167,39.0584,20.86,78,98,2.68,KE,1697491978
67,blackmans bay,-43.0167,147.3167,7.63,75,12,1.34,AU,1697491954
68,uturoa,-16.7333,-151.4333,25.59,79,55,6.26,PF,1697491978
69,mtambile,-5.3833,39.7,25.34,88,28,3.23,TZ,1697491979
70,meadow lakes,61.6247,-149.6011,10.06,58,0,5.66,US,1697491979
71,flying fish cove,-10.4217,105.6791,25.82,88,75,5.14,CX,1697491980
72,lompoc,34.6391,-120.4579,31.12,69,40,5.66,US,1697491450
73,cabo san lucas,22.8909,-109.9124,34.23,58,0,3.6,MX,1697491408
74,troina / draginai,37.7854,14.5985,13.84,87,71,1.47,IT,1697491981
75,misratah,32.3754,15.0925,23.88,60,0,4.87,LY,1697491981
76,invercargill,-46.4,168.35,10.01,77,63,2.68,NZ,1697491891
77,manta,-0.95,-80.7333,27.88,74,40,2.57,EC,1697491402
78,yanam,16.7333,82.2167,24.01,83,91,0.4,IN,1697491416
79,touros,-5.1989,-35.4608,25.31,76,45,8.23,BR,1697491546
80,puerto deseado,-47.7503,-65.8938,14.2,39,6,3.06,AR,1697491981
81,iqaluit,63.7506,-68.5145,-5.15,73,20,4.63,CA,1697491409
82,kapa'a,22.0752,-159.319,29.18,73,20,5.14,US,1697491602
83,vila franca do campo,37.7167,-25.4333,20.49,99,97,6.2,PT,1697491573
84,mansa,29.9833,75.3833,18.27,85,53,3.18,IN,1697491985
85,las lomitas,-24.7096,-60.593,44.18,15,34,4.94,AR,1697491570
86,kirensk,57.7853,108.1119,3.9,95,100,3.58,RU,1697491577
87,midvagur,62.0511,-7.1939,8.46,93,75,10.8,FO,1697491576
88,saint croix,17.7397,-64.7388,31.25,72,0,2.57,VI,1697491986
89,al kharj,24.155,47.3346,29.32,14,0,4.66,SA,1697491987
90,tralee,52.2704,-9.7026,8.8,87,100,4.79,IE,1697491447
91,sabanozu,40.4825,33.2835,10.42,79,88,2.54,TR,1697491988
92,port elizabeth,-33.918,25.5701,17.4,90,75,3.6,ZA,1697491978
93,crane,31.3974,-102.3501,22.85,26,0,2.17,US,1697491441
94,dunedin,-45.8742,170.5036,9.89,79,100,1.79,NZ,1697491567
95,mumford,5.2618,-0.759,25.46,86,63,5.26,GH,1697491989
96,puerto natales,-51.7236,-72.4875,11.25,50,40,14.92,CL,1697491968
97,anadyr,64.75,177.4833,-2.72,86,20,3.0,RU,1697491990
98,yeppoon,-23.1333,150.7333,19.88,62,1,2.53,AU,1697491990
99,lebu,-37.6167,-73.65,11.21,77,0,10.42,CL,1697491974
100,lihue,21.9789,-159.3672,28.77,70,20,5.14,US,1697491971
101,la passe,45.5549,-0.8967,14.13,55,100,5.39,FR,1697491423
102,timmins,48.4669,-81.3331,7.9,66,40,2.57,CA,1697491873
103,qarqin,37.4185,66.0436,14.61,31,0,4.4,AF,1697491992
104,cockburn town,21.4612,-71.1419,29.98,70,40,4.12,TC,1697491605
105,island harbour,50.724,-1.2758,11.68,79,100,5.81,GB,1697491462
106,rikaze,29.25,88.8833,4.42,52,91,1.66,CN,1697491993
107,olonkinbyen,70.9221,-8.7187,0.77,73,100,5.65,SJ,1697491433
108,ratnagiri,16.9833,73.3,26.59,80,67,1.33,IN,1697491994
109,zaoyang,32.1272,112.7542,17.12,61,2,3.43,CN,1697491994
110,suva,-18.1416,178.4415,25.71,73,75,4.63,FJ,1697491995
111,zhanaozen,43.3,52.8,13.45,23,97,6.66,KZ,1697491995
112,bayganin,48.6947,55.8742,8.58,63,0,5.87,KZ,1697491996
113,thompson,55.7435,-97.8558,12.09,62,75,4.12,CA,1697491968
114,aomori,40.8244,140.74,13.62,73,93,1.79,JP,1697491997
115,labytnangi,66.6572,66.4183,0.97,97,100,2.22,RU,1697491997
116,geraldton,-28.7667,114.6,14.23,44,0,4.12,AU,1697491403
117,port alfred,-33.5906,26.891,16.77,90,87,1.79,ZA,1697491572
118,reggane,26.7158,0.1714,27.32,14,0,2.29,DZ,1697491999
119,codrington,-38.2667,141.9667,8.07,77,0,1.77,AU,1697491417
120,urangan,-25.3,152.9,21.92,74,26,10.11,AU,1697492000
121,saint-philippe,-21.3585,55.7679,23.77,87,94,1.86,RE,1697491599
122,yershov,51.3513,48.2766,11.04,47,80,9.02,RU,1697492001
123,kirovskiy,45.0917,133.5136,0.87,57,2,2.24,RU,1697492001
124,udachny,66.4167,112.4,-3.08,92,100,1.26,RU,1697492001
125,williamsport,41.2412,-77.0011,14.85,75,75,2.57,US,1697491707
126,port-gentil,-0.7193,8.7815,26.98,83,75,4.63,GA,1697492002
127,casablanca,33.5928,-7.6192,24.12,71,97,3.01,MA,1697492003
128,arraial do cabo,-22.9661,-42.0278,23.92,88,40,7.72,BR,1697492003
129,sosnovka,56.255,51.2842,10.07,53,80,5.76,RU,1697492003
130,northam,51.0333,-4.2167,10.14,82,100,8.45,GB,1697491610
131,kegeyli shahar,42.7767,59.6078,7.05,33,0,3.99,UZ,1697492004
132,lata,40.1629,-8.3327,22.67,79,96,4.98,PT,1697491614
133,edinburgh of the seven seas,-37.0676,-12.3116,12.21,69,7,2.21,SH,1697491953
134,vlasim,49.7063,14.8988,4.68,86,61,1.08,CZ,1697492006
135,daru,-9.0763,143.2092,25.17,87,74,4.62,PG,1697491173
136,acapulco de juarez,16.8634,-99.8901,30.9,70,100,3.6,MX,1697492006
137,stanley,54.868,-1.6985,2.66,100,0,0.0,GB,1697491427
138,stiens,53.2623,5.7577,8.88,97,100,0.0,NL,1697492007
139,selfoss,63.9331,-20.9971,2.8,80,100,1.52,IS,1697491963
140,amga,60.8953,131.9608,-7.23,73,80,1.34,RU,1697492008
141,castillos,-34.1667,-53.8333,16.93,96,81,1.36,UY,1697492006
142,susuman,62.7833,148.1667,-20.87,91,4,0.46,RU,1697491409
143,vytegra,61.0064,36.4481,4.64,79,45,5.81,RU,1697492010
144,srikakulam,18.3,83.9,23.97,81,93,2.47,IN,1697492010
145,krasnyy chikoy,50.3643,108.7512,4.57,80,100,2.68,RU,1697492010
146,nuuk,64.1835,-51.7216,-2.66,63,20,6.17,GL,1697491449
147,chui,-33.6971,-53.4616,19.87,87,91,1.88,UY,1697491564
148,bay city,43.5945,-83.8889,12.06,71,100,2.06,US,1697492012
149,stepnoye,51.4,46.8667,15.2,53,78,9.94,RU,1697492012
150,sitka,57.0531,-135.33,13.94,62,100,7.2,US,1697491986
151,badger,64.8,-147.5333,8.23,68,75,3.09,US,1697491955
152,xichang,27.8964,102.2634,13.73,88,45,0.63,CN,1697491585
153,guanica,17.9716,-66.908,31.73,49,34,2.99,PR,1697492014
154,dudinka,69.4058,86.1778,-0.18,98,100,2.68,RU,1697492008
155,ebon,4.582,168.6964,28.26,72,95,1.65,MH,1697492014
156,kruisfontein,-34.0033,24.7314,13.48,93,1,2.38,ZA,1697491457
157,soran,49.78,72.8506,9.27,77,38,2.08,KZ,1697492015
158,khorixas,-20.3667,14.9667,16.71,46,7,1.35,NA,1697492015
159,aasiaat,68.7098,-52.8699,-9.65,98,100,2.99,GL,1697491574
160,teotitlan,18.1319,-97.0767,18.76,83,100,2.76,MX,1697492016
161,manokwari,-0.8667,134.0833,26.47,75,82,1.59,ID,1697491974
162,atafu village,-8.5421,-172.5159,28.37,77,59,7.97,TK,1697491977
163,luderitz,-26.6481,15.1594,20.04,51,0,5.54,NA,1697491975
164,phek,25.6667,94.5,10.04,99,18,0.6,IN,1697492018
165,zhangatas,43.5667,69.75,7.54,53,0,4.96,KZ,1697491566
166,sandnessjoen,66.0217,12.6316,5.23,81,75,4.12,NO,1697491583
167,nogliki,51.8333,143.1667,9.08,84,100,3.13,RU,1697491570
168,sanming,26.2486,117.6186,15.93,89,79,1.14,CN,1697492019
169,yanbu,24.0891,38.0637,28.02,44,0,4.12,SA,1697492000
170,howrah,22.5892,88.3103,26.0,89,20,0.0,IN,1697492020
171,mount isa,-20.7333,139.5,21.87,26,5,7.72,AU,1697491464
172,happy valley-goose bay,53.3168,-60.3315,4.17,60,20,7.2,CA,1697491811
173,kailua-kona,19.6406,-155.9956,28.11,81,75,4.12,US,1697491956
174,hamilton,39.1834,-84.5333,12.69,76,100,4.12,US,1697491968
175,tono,39.3167,141.5333,9.86,70,31,5.74,JP,1697492023
176,arawa,-6.2132,155.5367,27.06,81,100,1.44,PG,1697492023
177,chonchi,-42.6128,-73.8092,12.56,56,6,2.27,CL,1697491463
178,longyearbyen,78.2186,15.6401,-3.09,54,20,4.63,SJ,1697491990
179,tsiombe,-25.3,45.4833,21.22,78,100,1.48,MG,1697492024
180,xining,36.6167,101.7667,4.44,94,100,1.4,CN,1697491923
181,west island,-12.1568,96.8225,25.99,83,75,5.66,CC,1697491997
182,vilyuysk,63.7553,121.6247,-2.12,52,100,5.36,RU,1697491448
183,cidreira,-30.1811,-50.2056,19.29,97,100,7.41,BR,1697492026
184,hawaiian paradise park,19.5933,-154.9731,28.73,76,20,3.6,US,1697491999
185,itanhaem,-24.1831,-46.7889,22.28,97,93,1.95,BR,1697492027
186,lospalos,-8.5186,127.0025,19.83,90,81,1.22,TL,1697491617
187,tamanrasset,22.785,5.5228,21.95,20,20,1.54,DZ,1697491610
188,zabaykal'sk,49.6333,117.3167,3.0,53,9,7.46,RU,1697492028
189,pandan,14.0453,124.1694,26.21,87,88,2.27,PH,1697492029
190,bardai,11.65,7.2333,25.61,36,99,2.09,NG,1697491565
191,barclayville,4.6797,-8.2339,24.24,92,99,1.96,LR,1697492029
192,inirida,3.8653,-67.9239,25.19,85,88,1.27,CO,1697492030
193,at taj,24.2049,23.2857,21.4,27,0,3.85,LY,1697491982
194,dryden,49.7833,-92.7503,12.16,50,0,2.57,CA,1697491960
195,genhe,50.7833,121.5167,-0.31,50,100,1.39,CN,1697491969
196,dzhambeyty,50.2536,52.595,9.91,50,1,7.45,KZ,1697492032
197,afaahiti,-17.75,-149.2833,28.93,82,78,4.87,PF,1697491582
198,portland,45.5234,-122.6762,19.79,88,75,3.6,US,1697491453
199,egilsstadir,65.2653,-14.3948,0.95,100,75,1.03,IS,1697491459
200,kingston,17.997,-76.7936,31.53,76,20,4.12,JM,1697491777
201,fort st. john,56.2499,-120.8529,9.94,71,100,2.06,CA,1697491450
202,bagamoyo,-6.4333,38.9,24.63,88,46,2.06,TZ,1697492034
203,elk city,35.412,-99.4043,19.12,30,0,3.09,US,1697492034
204,road town,18.4167,-64.6167,30.05,74,40,2.57,VG,1697491896
205,swakopmund,-22.6833,14.5333,14.47,87,6,1.34,NA,1697492035
206,aykhal,66.0,111.5,-3.85,94,100,4.92,RU,1697492035
207,traverse city,44.7631,-85.6206,10.11,72,100,4.63,US,1697491767
208,nadym,65.5333,72.5167,1.44,97,100,3.14,RU,1697491445
209,sao joao da barra,-21.6403,-41.0511,25.05,91,10,6.05,BR,1697492037
210,chu,43.5983,73.7614,9.14,43,0,2.89,KZ,1697492037
211,wynyard,-41.0,145.7167,9.53,53,0,0.2,AU,1697492037
212,kingscliff,-28.2667,153.5667,22.07,59,75,6.69,AU,1697492038
213,shache,38.4167,77.2406,15.54,29,100,1.5,CN,1697491607
214,maloye ganyushkino,46.6,49.2667,13.38,59,70,6.04,KZ,1697492038
215,san antonio de pale,-1.4014,5.6325,25.48,82,97,5.53,GQ,1697491966
216,jamaame,0.0697,42.745,25.37,91,74,3.24,SO,1697492039
217,san-pedro,4.7485,-6.6363,24.52,91,100,2.92,CI,1697492040
218,dakhla,23.6848,-15.958,24.01,69,97,5.14,EH,1697492040
219,labrador city,52.9463,-66.9114,3.95,70,75,4.63,CA,1697491814
220,general levalle,-34.0147,-63.9241,25.91,18,0,7.03,AR,1697492041
221,puerto baquerizo moreno,-0.9,-89.6,27.55,65,75,5.14,EC,1697491945
222,newman,37.3138,-121.0208,29.02,43,98,2.24,US,1697491599
223,greymouth,-42.4667,171.2,10.82,88,100,2.92,NZ,1697491952
224,slupsk,54.4641,17.0287,4.69,78,28,2.4,PL,1697492042
225,fada,9.5667,8.3,21.56,90,98,0.6,NG,1697491450
226,boucherville,45.591,-73.4361,15.62,65,100,3.6,CA,1697491906
227,shenjiamen,29.9576,122.298,19.44,68,0,2.13,CN,1697492043
228,daruvar,45.5906,17.225,6.08,65,97,1.16,HR,1697492044
229,qarauyl,48.9451,79.255,5.73,58,33,2.15,KZ,1697492044
230,bardsir,29.9227,56.5743,16.01,55,0,6.22,IR,1697492045
231,hasaki,35.7333,140.8333,12.22,68,0,4.29,JP,1697492045
232,emerald,-23.5333,148.1667,24.63,25,2,9.17,AU,1697492000
233,nemuro,43.3236,145.575,8.82,67,52,12.42,JP,1697492002
234,wewak,-3.5534,143.6268,27.64,77,77,1.08,PG,1697492046
235,tabarka,36.9544,8.758,18.36,68,20,1.03,TN,1697492047
236,saipan,15.1355,145.701,27.39,94,20,2.57,MP,1697491961
237,alaghsas,17.0187,8.0168,30.35,17,9,4.65,NE,1697491983
238,cururupu,-1.8283,-44.8683,25.43,85,44,1.72,BR,1697492048
239,lahat,-3.8,103.5333,21.69,67,14,1.3,ID,1697492049
240,vadso,70.0744,29.7487,2.49,86,40,5.66,NO,1697491977
241,fedorovskiy,45.0972,40.9517,11.07,84,100,9.39,RU,1697492050
242,t'ongch'on-up,38.9539,127.8917,10.54,63,0,2.65,KP,1697492050
243,basco,20.4487,121.9702,27.29,76,80,9.64,PH,1697492051
244,coahuayana de hidalgo,18.7,-103.6583,29.31,80,66,2.12,MX,1697492027
245,ghormach,35.7306,63.7826,13.25,39,0,1.97,AF,1697492052
246,zhongshu,24.5167,103.7667,13.16,96,62,0.95,CN,1697491611
247,kununurra,-15.7667,128.7333,16.99,59,0,3.09,AU,1697491586
248,chenzhou,25.8,113.0333,16.77,78,41,0.91,CN,1697492053
249,berdigestyakh,62.0989,126.6992,-4.84,69,100,4.47,RU,1697492053
250,luanco,43.6152,-5.7934,20.01,90,81,3.67,ES,1697492054
251,keflavik,64.0049,-22.5624,4.24,87,75,1.54,IS,1697492054
252,punta arenas,-53.15,-70.9167,10.06,57,75,10.8,CL,1697491972
253,luganville,-15.5333,167.1667,27.01,80,56,4.54,VU,1697492055
254,mount pearl,47.5166,-52.7813,8.97,97,100,10.8,CA,1697491459
255,labuan,5.2767,115.2417,25.2,94,20,1.03,MY,1697492056
256,north haven,41.3909,-72.8595,16.17,84,100,3.6,US,1697492056
257,barcelos,41.5388,-8.6151,22.08,74,100,6.57,PT,1697492057
258,new norfolk,-42.7826,147.0587,8.29,62,10,1.76,AU,1697492057
259,aktobe,50.2797,57.2072,3.05,93,0,3.0,KZ,1697492058
260,oranjemund,-28.55,16.4333,16.74,77,3,2.98,NA,1697492017
261,polyarnyy,69.1989,33.4478,3.3,78,100,13.08,RU,1697492058
262,barceloneta,18.4505,-66.5385,32.36,81,63,1.52,PR,1697492059
263,namdrik,5.5994,168.1028,28.78,73,64,4.1,MH,1697492059
264,port lincoln,-34.7333,135.8667,13.44,68,5,5.5,AU,1697492009
265,san julian,21.0167,-102.1667,25.14,27,20,5.44,MX,1697491568
266,hami,42.8,93.45,10.49,44,100,3.03,CN,1697492060
267,ghanzi,-21.5667,21.7833,19.26,20,0,5.29,BW,1697492061
268,villa mercedes,-33.6757,-65.4578,22.53,17,0,7.45,AR,1697492011
269,sisimiut,66.9395,-53.6735,-6.58,86,96,5.03,GL,1697492062
270,alapli,41.1694,31.3792,13.51,84,99,3.0,TR,1697492062
271,vilyuchinsk,52.9306,158.4028,8.15,92,100,10.27,RU,1697492062
272,gordonvale,-17.0936,145.7842,19.88,49,68,1.28,AU,1697492063
273,mananjary,-21.2167,48.3333,23.15,95,71,1.68,MG,1697492063
274,fernie,49.5,-115.0687,20.05,56,100,2.8,CA,1697492064
275,butembo,0.15,29.2833,14.23,98,100,0.77,CD,1697492064
276,san luis de la loma,17.2706,-100.8939,28.64,82,91,1.44,MX,1697492047
277,bizerte,37.2744,9.8739,23.0,73,20,1.54,TN,1697492065
278,podgorenskiy,50.405,39.6429,4.82,88,100,10.46,RU,1697492066
279,urzhar,47.093,81.6294,6.14,53,28,2.65,KZ,1697492057
280,barinas,8.6226,-70.2075,28.31,66,94,1.12,VE,1697492066
281,petropavlovsk-kamchatsky,53.0452,158.6483,7.33,88,75,7.0,RU,1697491855
282,sinabang,2.4803,96.3801,25.92,83,100,5.05,ID,1697492067
283,zaozersk,69.4005,32.4476,1.76,74,99,7.24,RU,1697492068
284,toliara,-23.35,43.6667,23.65,70,100,6.21,MG,1697491289
285,mil'kovo,55.6078,37.7956,5.86,94,100,5.23,RU,1697492068
286,praia da vitoria,38.7333,-27.0667,20.42,83,75,6.51,PT,1697492005
287,vicuna,-30.0319,-70.7081,29.32,20,11,2.57,CL,1697492069
288,senanga,-16.1167,23.2667,26.69,41,94,1.11,ZM,1697491620
289,okhotsk,59.3833,143.3,-5.49,70,48,9.63,RU,1697492070
290,motygino,58.1831,94.7592,2.1,86,100,2.68,RU,1697492070
291,bandrele,-12.9067,45.1914,25.86,83,40,2.57,YT,1697492071
292,tura,25.5198,90.2201,19.74,90,0,1.64,IN,1697491956
293,shubarshi,48.5872,57.1869,8.3,68,0,4.22,KZ,1697492072
294,zaigrayevo,51.8336,108.2703,3.09,81,99,5.52,RU,1697492072
295,akureyri,65.6835,-18.0878,1.96,93,75,2.06,IS,1697492072
296,posto fiscal rolim de moura,-13.0833,-62.2667,27.01,67,44,1.19,BR,1697492073
297,itaituba,-4.2761,-55.9836,35.09,49,20,1.1,BR,1697492073
298,nampula,-15.1165,39.2666,23.97,83,0,6.69,MZ,1697492074
299,tuensang,26.2833,94.8333,16.38,91,1,1.31,IN,1697492074
300,naze,28.3667,129.4833,18.51,62,0,3.83,JP,1697491621
301,tommot,58.9564,126.2925,-7.13,78,99,1.2,RU,1697491839
302,oriximina,-1.7656,-55.8661,32.01,43,64,1.82,BR,1697492075
303,carroll,39.5501,-77.0164,14.39,69,99,2.24,US,1697492076
304,artondale,47.2995,-122.6207,18.51,93,100,4.63,US,1697491879
305,sai buri,6.7013,101.6168,25.11,90,100,1.26,TH,1697492077
306,kayangel,8.0823,134.7173,27.91,76,32,1.99,PW,1697492029
307,east end,34.5507,-92.341,20.84,43,0,0.89,US,1697491600
308,colares,38.7992,-9.4469,22.96,95,78,10.28,PT,1697492078
309,lima,-12.0432,-77.0282,24.94,65,75,4.12,PE,1697491777
310,lycksele,64.5954,18.6735,-1.98,93,19,1.03,SE,1697492079
311,gadzhiyevo,69.2551,33.3362,3.33,73,100,13.22,RU,1697492035
312,trancas,-26.2314,-65.2803,32.51,26,0,7.05,AR,1697492080
313,laguna,38.421,-121.4238,29.19,39,0,2.06,US,1697492080
314,show low,34.2542,-110.0298,27.27,20,0,2.57,US,1697492081
315,eyl,7.9803,49.8164,27.02,83,33,3.23,SO,1697492081
316,tindouf,27.6711,-8.1474,28.25,20,40,3.09,DZ,1697492027
317,deqen,29.9618,90.7188,3.47,60,91,1.91,CN,1697492082
318,harper,4.375,-7.7169,24.77,89,97,3.42,LR,1697492083
319,sokoni,-6.4333,39.55,26.09,83,34,4.72,TZ,1697492083
320,ta`u,-14.2336,-169.5144,26.83,79,55,8.53,AS,1697492083
321,borogontsy,62.6683,131.1683,-5.4,62,97,0.45,RU,1697492084
322,nova sintra,14.8667,-24.7167,25.57,73,37,3.71,CV,1697491953
323,yuzawa,39.1667,140.5,12.3,68,38,5.27,JP,1697492085
324,east london,-33.0153,27.9116,17.05,82,72,6.15,ZA,1697491992
325,palikir - national government center,6.9248,158.1611,27.47,89,75,1.54,FM,1697492051
326,greenville,35.6127,-77.3663,17.09,60,75,4.12,US,1697491959
327,boke,10.9409,-14.2967,24.88,97,12,1.4,GN,1697492086
328,remire-montjoly,4.9167,-52.2667,30.02,70,40,3.09,GF,1697491962
329,kupang,-10.1667,123.5833,22.32,78,20,1.03,ID,1697492087
330,long beach,33.767,-118.1892,36.09,68,0,4.63,US,1697492034
331,danville,36.586,-79.395,14.6,64,100,3.09,US,1697491558
332,yuzhno-kurilsk,44.0306,145.8556,10.76,75,33,4.5,RU,1697492054
333,klyuchi,52.2667,79.1667,9.92,62,100,4.18,RU,1697492018
334,siavonga,-16.5382,28.7088,24.84,76,100,3.23,ZM,1697492089
335,imbituba,-28.24,-48.6703,22.17,100,100,2.35,BR,1697492090
336,ijui,-28.3878,-53.9147,20.49,93,98,6.85,BR,1697492090
337,cape canaveral,28.4058,-80.6048,22.04,56,40,7.72,US,1697491912
338,acarau,-2.8856,-40.12,26.14,77,4,7.06,BR,1697491987
339,singaraja,-8.112,115.0882,24.97,78,92,0.64,ID,1697492092
340,zhigalovo,54.8097,105.1578,2.82,95,100,2.68,RU,1697492092
341,ruidoso,33.3317,-105.673,22.25,27,0,2.06,US,1697492092
342,vilppula,62.0212,24.5048,3.77,86,73,3.42,FI,1697492093
343,lesozavodsk,45.4794,133.4244,0.76,53,1,2.72,RU,1697492093
344,tucuma,-0.1833,-50.05,28.11,73,76,4.4,BR,1697491865
345,melekeok village,7.4957,134.6367,24.31,94,75,0.0,PW,1697492094
346,tazovsky,67.4667,78.7,-1.11,94,95,1.13,RU,1697491958
347,the pas,53.8251,-101.2541,15.01,51,0,2.57,CA,1697492095
348,necochea,-38.5473,-58.7368,10.68,92,20,6.45,AR,1697491938
349,aioun,16.6614,-9.6149,31.29,10,0,2.88,MR,1697492095
350,wailea,19.8858,-155.123,28.57,76,20,3.6,US,1697492096
351,rongelap,11.1635,166.8941,28.73,75,100,8.41,MH,1697492096
352,puerto aysen,-45.4,-72.7,9.99,87,82,1.8,CL,1697491954
353,springbok,-29.6643,17.8865,18.42,31,0,2.31,ZA,1697492097
354,elena,42.9333,25.8833,6.1,53,95,1.76,BG,1697492097
355,abepura,-2.6333,140.5833,25.45,78,20,0.0,ID,1697492098
356,goz beida,13.95,20.55,31.24,25,62,4.55,TD,1697492098
357,brookings,44.3114,-96.7984,16.17,47,0,2.57,US,1697491942
358,yanchep,-31.55,115.6833,24.07,39,0,1.2,AU,1697491617
359,vera cruz,-12.6333,-41.0333,27.76,41,4,5.04,BR,1697492100
360,mogadishu,2.0371,45.3438,26.41,87,100,4.73,SO,1697491594
361,kaspiyskiy,45.3929,47.3707,15.55,89,82,3.0,RU,1697492101
362,haiku-pauwela,20.9219,-156.3051,28.43,68,40,10.29,US,1697492019
363,kulhudhuffushi,6.6221,73.07,28.17,73,75,5.31,MV,1697492102
364,arteche,12.2645,125.4048,25.3,85,91,0.74,PH,1697492102
365,hermansverk,61.1846,6.8502,6.25,93,100,4.12,NO,1697492103
366,ca mau,9.1769,105.15,24.25,94,55,1.47,VN,1697492103
367,mar del plata,-38.0023,-57.5575,15.01,84,0,4.63,AR,1697492042
368,hammerfest,70.6634,23.6821,1.25,86,75,9.26,NO,1697491579
369,warrnambool,-38.3833,142.4833,11.04,65,4,1.68,AU,1697492104
370,norilsk,69.3535,88.2027,-1.86,97,100,1.72,RU,1697492105
371,khanty-mansiysk,61.0042,69.0019,8.06,100,0,1.0,RU,1697492035
372,saudarkrokur,65.7461,-19.6394,2.24,90,100,0.47,IS,1697492106
373,sao paulo de olivenca,-3.3783,-68.8725,28.6,70,93,1.49,BR,1697492025
374,douz,33.4663,9.0203,24.35,23,0,2.58,TN,1697491602
375,lulea,65.5842,22.1547,1.04,86,0,3.6,SE,1697492107
376,mannedorf,47.2569,8.6989,7.99,84,40,0.51,CH,1697492107
377,longboat key,27.4125,-82.659,22.03,54,40,7.72,US,1697492108
378,ancud,-41.8697,-73.8203,10.92,70,15,1.78,CL,1697492014
379,tolanaro,-25.0319,46.9987,23.04,83,75,4.12,MG,1697492056
380,angaur state,6.906,134.13,27.91,71,46,1.34,PW,1697491459
381,bam,29.106,58.357,22.27,26,1,1.73,IR,1697492110
382,malyye derbety,47.9547,44.6808,15.86,69,75,9.09,RU,1697492110
383,novodvinsk,64.4165,40.8122,3.77,78,89,4.56,RU,1697492111
384,ponta delgada,37.7333,-25.6667,20.66,77,40,4.02,PT,1697492111
385,altai,46.3722,96.2583,-3.44,61,53,0.8,MN,1697492112
386,juruti,-2.1522,-56.0922,31.75,43,71,1.95,BR,1697492112
387,at-bashi,41.1702,75.8106,4.91,51,79,2.25,KG,1697492113
388,otok,45.1467,18.8839,5.48,51,100,2.09,HR,1697492113
389,brooks,50.5834,-111.8851,17.99,50,100,2.57,CA,1697492113
390,morden,49.1919,-98.1014,18.24,42,53,3.09,CA,1697492114
391,mount gambier,-37.8333,140.7667,10.69,69,64,1.69,AU,1697491973
392,hastings,50.8552,0.5729,12.73,32,99,8.88,GB,1697492115
393,fortaleza,-3.7227,-38.5247,27.34,74,75,6.17,BR,1697491745
394,ustyuzhna,58.8394,36.4321,3.86,94,88,2.28,RU,1697492116
395,severobaykal'sk,55.65,109.3167,3.61,78,100,3.27,RU,1697492117
396,lagoa,39.05,-27.9833,19.58,82,40,5.74,PT,1697492117
397,mirny,62.5353,113.9611,0.13,100,100,1.79,RU,1697492117
398,polatsk,55.4859,28.7756,2.82,85,48,4.73,BY,1697492118
399,vigan,17.5747,120.3869,24.8,85,68,1.76,PH,1697492118
400,fortuna,40.5982,-124.1573,19.4,96,75,0.0,US,1697492119
401,aso,32.9551,131.0967,10.98,86,17,1.0,JP,1697492119
402,igrim,63.1906,64.4162,6.12,87,100,2.68,RU,1697492120
403,shingu,33.7333,135.9833,16.31,81,0,2.86,JP,1697492120
404,carnarvon,-24.8667,113.6333,23.12,51,0,5.64,AU,1697492020
405,baharly,38.4362,57.4316,17.69,25,28,2.15,TM,1697492121
406,camana,-16.6228,-72.7111,19.82,77,33,2.7,PE,1697492121
407,mili,6.0815,171.735,28.77,72,99,2.96,MH,1697492122
408,brisas de zicatela,15.8369,-97.0419,31.29,48,40,2.57,MX,1697492010
409,rusape,-18.5278,32.1284,15.7,92,100,2.21,ZW,1697492123
410,bonthe,7.5264,-12.505,25.28,88,84,2.19,SL,1697492123
411,tughyl,47.7252,84.2063,7.5,64,7,4.01,KZ,1697492124
412,pimentel,-6.8367,-79.9342,25.16,61,0,7.72,PE,1697492124
413,hotan,37.0997,79.9269,16.01,21,100,2.31,CN,1697492125
414,puerto rico,-26.796,-55.024,24.21,89,99,2.02,AR,1697492125
415,sake,-1.5736,29.045,16.67,95,86,0.75,CD,1697491594
416,ironwood,46.4547,-90.171,7.67,81,100,2.57,US,1697492016
417,burao,9.5221,45.5336,26.17,41,83,1.66,SO,1697492126
418,mega,4.05,38.3,17.65,74,93,2.91,ET,1697492127
419,broken hill,-31.95,141.4333,11.83,46,0,6.81,AU,1697491885
420,yoshkar-ola,56.6388,47.8908,12.83,62,92,4.02,RU,1697492127
421,bayanhongor,46.7167,100.1167,-3.86,50,81,1.8,MN,1697492128
422,balboa,2.0396,-77.2168,21.83,77,90,2.25,CO,1697492128
423,vrontados,38.4089,26.1328,18.92,68,20,4.63,GR,1697492128
424,kourou,5.1552,-52.6478,30.03,76,17,4.29,GF,1697491615
425,ulsteinvik,62.3432,5.8487,10.07,93,100,6.26,NO,1697492058
426,minas de marcona,-15.2119,-75.1103,19.02,65,38,5.63,PE,1697491566
427,razdol'noye,45.7708,33.4878,9.14,62,3,5.8,UA,1697492130
428,aripuana,-9.1667,-60.6333,26.89,71,76,2.14,BR,1697492041
429,ma'rib,15.4591,45.3253,22.97,22,7,1.5,YE,1697492131
430,bulqize,41.4917,20.2219,11.18,59,100,2.15,AL,1697492131
431,pirmasens,49.2015,7.6053,5.88,59,100,4.55,DE,1697492132
432,al kharijah,25.4514,30.5464,22.16,39,0,2.95,EG,1697492031
433,georgetown,5.4112,100.3354,26.96,89,20,1.54,MY,1697492029
434,totskoye,52.5248,52.7623,9.94,49,1,7.25,RU,1697492133
435,arilje,43.7531,20.0956,3.2,63,100,0.49,RS,1697492133
436,tabas,33.5959,56.9244,20.12,24,20,2.06,IR,1697492134
437,orkney,-26.9802,26.6727,16.38,52,15,2.33,ZA,1697492134
438,extrema,-22.8547,-46.3183,20.64,89,82,1.68,BR,1697492135
439,ola,59.5833,151.2833,2.86,92,100,2.9,RU,1697492135
440,severo-yeniseyskiy,60.3725,93.0408,0.88,90,100,4.02,RU,1697492136
441,sinjai,-5.1241,120.253,25.51,78,93,1.9,ID,1697491587
442,baoshan,46.5586,131.4244,1.49,46,0,4.66,CN,1697492137
443,kone,-21.0595,164.8658,24.38,83,97,2.84,NC,1697491571
444,vikhorevka,56.1201,101.1636,1.77,97,100,4.31,RU,1697492138
445,sur,22.5667,59.5289,27.07,72,0,6.02,OM,1697491968
446,mombetsu,44.3525,143.3525,6.22,80,63,6.47,JP,1697492139
447,levuka,50.1834,-105.4011,20.9,26,75,2.06,CA,1697492139
448,hirara,24.8,125.2833,23.92,68,75,4.63,JP,1697492140
449,kodiak,57.79,-152.4072,9.73,93,40,1.54,US,1697491967
450,butiama,-1.7667,33.9667,17.54,89,65,2.36,TZ,1697492140
451,ryotsu-minato,38.0833,138.4333,14.77,60,3,4.54,JP,1697492141
452,port isabel,26.0734,-97.2086,24.05,55,0,8.23,US,1697492142
453,kem',64.9555,34.5793,3.57,97,100,4.79,RU,1697492142
454,key west,24.5557,-81.7826,28.33,59,75,8.23,US,1697492111
455,tobelo,1.7284,128.0095,26.92,81,85,1.54,ID,1697492040
456,mangai,-4.05,19.5333,23.57,85,98,0.28,CD,1697492143
457,nema,57.5067,50.5011,9.16,58,26,5.88,RU,1697492054
458,salinas de hidalgo,22.6333,-101.7167,20.42,40,87,7.4,MX,1697492144
459,ciudad choluteca,13.3003,-87.1908,27.28,89,97,1.84,HN,1697492145
460,katsuren-haebaru,26.3369,127.8719,24.01,73,20,2.06,JP,1697492146
461,sangueya,10.7,-14.3667,25.1,95,8,1.51,GN,1697492146
462,rosetta,31.4044,30.4164,23.19,64,0,3.71,EG,1697492147
463,cicurug,-6.7814,106.7825,26.83,89,100,0.61,ID,1697492148
464,aktau,43.65,51.2,15.32,36,98,6.78,KZ,1697492148
465,paradise point,-27.8863,153.3957,22.2,59,7,4.02,AU,1697492148
466,leer,53.2316,7.461,8.99,92,100,1.16,DE,1697492149
467,jayapura,-2.5333,140.7,24.66,91,81,2.13,ID,1697491615
468,kongsberg,59.6652,9.6465,5.24,73,98,1.88,NO,1697492150
469,kloulklubed,7.0419,134.2556,24.28,72,37,1.16,PW,1697492150
470,urengoy,65.9667,78.3667,1.17,97,100,1.79,RU,1697492150
471,smithers,54.7804,-127.1743,9.18,93,100,1.54,CA,1697491814
472,pathein,16.7833,94.7333,24.13,94,38,0.85,MM,1697492151
473,penzance,50.1186,-5.5371,14.31,65,100,11.53,GB,1697491967
474,taulaga,-11.0553,-171.0883,28.03,74,98,8.88,AS,1697492152
475,mantua,45.1667,10.7833,13.88,64,100,1.34,IT,1697492152
476,junin,-34.5838,-60.9433,21.05,57,65,5.17,AR,1697492153
477,woodstock,43.1334,-80.7497,10.37,59,10,5.88,CA,1697492153
478,spassk-dal'niy,44.5978,132.8211,4.29,46,1,5.2,RU,1697492154
479,palo santo,-25.5633,-59.3378,38.49,22,29,2.49,AR,1697492154
480,powell river,49.8496,-124.5361,16.3,88,75,7.72,CA,1697492155
481,coruripe,-10.1256,-36.1756,24.07,77,41,3.93,BR,1697492155
482,hobyo,5.3505,48.5268,27.52,78,91,5.45,SO,1697492155
483,inhambane,-23.865,35.3833,20.85,88,100,3.11,MZ,1697492156
484,kaoma,-14.7833,24.8,20.61,76,95,0.67,ZM,1697492156
485,arno,60.1167,18.6333,5.44,72,18,4.3,SE,1697492157
486,hafar al-batin,28.4328,45.9708,24.32,27,0,3.6,SA,1697492157
487,koryukivka,51.7688,32.2481,4.37,72,14,5.58,UA,1697492157
488,port blair,11.6667,92.75,26.02,94,40,1.03,IN,1697492039
489,bereznik,62.8551,42.7072,1.7,91,100,3.02,RU,1697492158
490,khagrachhari,23.1,91.9667,20.54,98,2,0.49,BD,1697492159
491,mana,5.6592,-53.7767,27.66,83,26,4.46,GF,1697492159
492,chortoq,41.0666,71.8553,9.97,31,37,1.32,UZ,1697492160
493,galle,6.0367,80.217,25.37,84,71,0.37,LK,1697492160
494,hemsby,52.6971,1.6918,10.21,94,100,6.27,GB,1697492160
495,prince rupert,54.3161,-130.3201,12.05,100,100,9.77,CA,1697492057
496,aur,8.1499,171.1687,28.33,73,59,4.87,MH,1697492161
497,belmonte,-15.8631,-38.8828,23.67,77,0,3.04,BR,1697492162
498,chita,52.0333,113.55,3.94,56,75,6.0,RU,1697492162
499,khandyga,62.6667,135.6,-15.8,72,48,2.09,RU,1697491604
500,odemira,37.598,-8.6397,22.31,80,88,5.49,PT,1697492163
501,nikolayevsk-on-amure,53.1406,140.73,7.38,94,100,2.97,RU,1697492163
502,morehead city,34.7229,-76.726,18.34,57,75,4.63,US,1697491978
503,onega,63.9061,38.1404,4.3,78,99,6.71,RU,1697492164
504,fisterra,42.9049,-9.2629,20.97,73,100,13.71,ES,1697492164
505,tabou,4.423,-7.3528,24.58,90,90,3.13,CI,1697492165
506,funadhoo,6.15,73.2667,28.11,72,65,5.5,MV,1697492165
507,kirakira,-10.4544,161.9205,27.88,80,87,2.89,SB,1697492166
508,sarkand,45.41,79.9186,6.52,47,6,1.22,KZ,1697491604
509,gdansk,54.3521,18.6464,7.78,86,0,2.06,PL,1697492163
510,nelson bay,-32.7167,152.15,14.44,93,97,4.92,AU,1697492167
511,muncar,-8.4333,114.3333,24.04,92,62,0.15,ID,1697492167
512,rio gallegos,-51.6226,-69.2181,14.03,33,0,9.77,AR,1697492168
513,nanga eboko,4.6833,12.3667,19.79,98,51,0.39,CM,1697492168
514,al bawiti,28.3492,28.8659,20.84,45,0,1.65,EG,1697492002
515,kabalo,-6.05,26.9167,22.93,73,64,2.02,CD,1697492169
516,mejit,10.2753,170.8646,27.97,76,14,7.39,MH,1697491572
517,lerwick,60.1545,-1.1494,10.0,85,100,10.52,GB,1697492170
518,mascota,20.5167,-104.7833,24.06,46,100,1.94,MX,1697492171
519,paracuru,-3.41,-39.0306,27.28,75,8,5.97,BR,1697492105
520,vernon,50.2581,-119.2691,16.24,72,100,1.03,CA,1697492046
521,lautoka,-17.6167,177.4667,26.92,57,20,5.14,FJ,1697492172
522,antsiranana,-12.2787,49.2917,23.03,85,11,3.42,MG,1697492172
523,sanniquellie,7.3622,-8.7061,20.86,100,86,1.07,LR,1697492172
524,alesund,62.4723,6.1549,10.08,89,75,7.72,NO,1697492173
525,saint-louis,16.3333,-15.0,30.8,13,0,3.77,SN,1697492173
526,kyshtovka,56.555,76.6271,6.86,67,84,5.81,RU,1697492174
527,kerikeri,-35.2268,173.9474,18.28,89,21,0.89,NZ,1697492174
528,tanumah,27.1,44.1333,22.46,37,1,4.97,SA,1697491598
529,kolonia,50.9333,6.95,8.81,88,0,2.06,DE,1697491310
530,zemio,5.0314,25.1361,20.92,96,100,1.13,CF,1697492175
531,ouro branco,-20.5208,-43.6919,20.17,74,40,1.96,BR,1697492176
532,al jubayl,27.0112,49.6583,28.61,66,0,1.59,SA,1697492176
533,taroa,8.7058,171.2275,28.42,73,96,5.15,MH,1697492176
534,port douglas,-16.4833,145.4667,23.92,61,64,1.23,AU,1697492029
535,namibe,-15.1961,12.1522,17.52,85,45,1.84,AO,1697491989
536,solnechnyy,50.7214,136.6319,1.13,96,100,4.53,RU,1697491603
537,kanazawa,36.5944,136.6256,17.14,79,0,2.2,JP,1697492178
538,igarka,67.4667,86.5833,-0.3,97,100,4.13,RU,1697491982
539,cachoeira do sul,-30.0392,-52.8939,19.69,99,100,2.58,BR,1697492179
540,mundri,-6.9558,111.71,24.53,83,32,2.25,ID,1697492179
541,turpan,42.9333,89.1667,14.92,35,1,1.07,CN,1697492180
542,shalkar,47.8288,59.6258,10.09,59,0,4.12,KZ,1697492180
543,farmville,37.3021,-78.3919,16.22,59,40,1.54,US,1697492180
544,as saffaniyah,27.9708,48.73,29.16,57,0,6.55,SA,1697492181
545,kurskaya,44.05,44.45,16.58,58,83,3.06,RU,1697492181
546,rabigh,22.7986,39.0349,28.86,64,0,3.27,SA,1697492182
547,flin flon,54.7682,-101.865,14.91,51,0,2.06,CA,1697492041
548,san pedro pochutla,15.7333,-96.4667,32.84,68,91,3.45,MX,1697492182
549,camalu,30.85,-116.0667,24.56,58,6,4.64,MX,1697492183
550,chernushka,56.5072,56.0766,9.14,67,6,6.3,RU,1697492183
551,malango,-2.9627,119.9001,18.88,93,11,0.8,ID,1697492030
552,lethem,3.3803,-59.7968,33.03,62,20,5.14,GY,1697492184
553,coalcoman de vazquez pallares,18.7833,-103.15,24.87,85,82,0.6,MX,1697492184
554,male,4.1748,73.5089,28.97,79,40,5.14,MV,1697492185
555,bangar,16.8936,120.4243,24.38,84,64,1.98,PH,1697492185
556,santa terezinha,-29.9002,-50.0904,19.35,98,100,8.19,BR,1697492064
557,cascais,38.6979,-9.4215,23.06,96,77,10.28,PT,1697492186
558,mazatlan,23.2167,-106.4167,32.73,70,20,4.12,MX,1697492185
559,kiruna,67.8557,20.2251,-4.49,100,75,1.03,SE,1697491618
560,ciudad insurgentes,25.2625,-111.7753,33.88,36,0,5.86,MX,1697492187
561,zhosaly,45.4878,64.0781,10.53,44,0,5.79,KZ,1697492187
562,zeya,53.75,127.2667,-1.95,52,13,1.02,RU,1697492188
